cluster_id,issue_category,issue_summary,severity_level,severity_score,affected_patients,percentage,negative_sentiment_pct,avg_rating,evidence,recommended_action,action_priority,classification_confidence,keywords
0,Clinical Quality,Main issues of the patients in this topic were frequent changes in doctors and long waiting times. Overall sentiment or operational implication: Patients expressed concerns about inconsistent care due to doctor turnover and lengthy wait times.,High,55.71,440,7.33,37.95,1.91,"440 patients affected (7.3% of total); 38.0% negative sentiment; average rating 1.91/5.0; key terms: très,  الأسنان,  dentist,  dentiste,  practice",Implement clinical quality improvement program,1,0.43,"très, الأسنان, dentist, dentiste, practice, treatment, cabinet, traitement, للغاية, الدكتور"
0,Clinical Quality,Main issues of the patients in this topic were frequent changes in doctors and long waiting times. Overall sentiment or operational implication: Patients expressed concerns about inconsistent care due to doctor turnover and lengthy wait times.,High,55.71,440,7.33,37.95,1.91,"440 patients affected (7.3% of total); 38.0% negative sentiment; average rating 1.91/5.0; key terms: très,  الأسنان,  dentist,  dentiste,  practice",Provide continuing medical education,2,0.43,"très, الأسنان, dentist, dentiste, practice, treatment, cabinet, traitement, للغاية, الدكتور"
0,Clinical Quality,Main issues of the patients in this topic were frequent changes in doctors and long waiting times. Overall sentiment or operational implication: Patients expressed concerns about inconsistent care due to doctor turnover and lengthy wait times.,High,55.71,440,7.33,37.95,1.91,"440 patients affected (7.3% of total); 38.0% negative sentiment; average rating 1.91/5.0; key terms: très,  الأسنان,  dentist,  dentiste,  practice",Establish treatment protocol reviews,3,0.43,"très, الأسنان, dentist, dentiste, practice, treatment, cabinet, traitement, للغاية, الدكتور"
17,Operational Efficiency,"Main issues of the patients in this topic were difficulties reaching certain practices due to outdated facilities and mixed experiences with staff behavior.
Overall, some patients reported positive interactions while others encountered unfriendly attitudes and lengthy wait times.",High,53.91,346,5.77,43.64,1.81,"346 patients affected (5.8% of total); 43.6% negative sentiment; average rating 1.81/5.0; key terms: très,  للغاية,  temps,  الممارسة,  cabinet",Implement appointment reminder system to reduce no-shows,1,0.43,"très, للغاية, temps, الممارسة, cabinet, الانتظار, attente, bien, tout, plus"
17,Operational Efficiency,"Main issues of the patients in this topic were difficulties reaching certain practices due to outdated facilities and mixed experiences with staff behavior.
Overall, some patients reported positive interactions while others encountered unfriendly attitudes and lengthy wait times.",High,53.91,346,5.77,43.64,1.81,"346 patients affected (5.8% of total); 43.6% negative sentiment; average rating 1.81/5.0; key terms: très,  للغاية,  temps,  الممارسة,  cabinet",Optimize scheduling algorithm to reduce wait times,2,0.43,"très, للغاية, temps, الممارسة, cabinet, الانتظار, attente, bien, tout, plus"
17,Operational Efficiency,"Main issues of the patients in this topic were difficulties reaching certain practices due to outdated facilities and mixed experiences with staff behavior.
Overall, some patients reported positive interactions while others encountered unfriendly attitudes and lengthy wait times.",High,53.91,346,5.77,43.64,1.81,"346 patients affected (5.8% of total); 43.6% negative sentiment; average rating 1.81/5.0; key terms: très,  للغاية,  temps,  الممارسة,  cabinet",Add real-time wait time notifications,3,0.43,"très, للغاية, temps, الممارسة, cabinet, الانتظار, attente, bien, tout, plus"
2,Clinical Quality,"Main issues of the patients in this topic were concerns about trusting new doctors, unexpected costs, and variable quality of dental care, particularly regarding teeth cleanings and staff changes. Overall sentiment expressed was mixed, with some expressing satisfaction and others reporting dissatisfaction. Operational implications include addressing transparency in pricing and communication, maintaining consistent staffing, and improving patient education and reassurance during procedures.",High,53.58,466,7.77,15.67,1.0,"466 patients affected (7.8% of total); 15.7% negative sentiment; average rating 1.00/5.0; key terms: الدكتور,  للغاية,  الطبيب,  العلاج,  كانت",Implement clinical quality improvement program,1,0.29,"الدكتور, للغاية, الطبيب, العلاج, كانت, الانتظار, بشكل, الممارسة, الوقت, très"
2,Clinical Quality,"Main issues of the patients in this topic were concerns about trusting new doctors, unexpected costs, and variable quality of dental care, particularly regarding teeth cleanings and staff changes. Overall sentiment expressed was mixed, with some expressing satisfaction and others reporting dissatisfaction. Operational implications include addressing transparency in pricing and communication, maintaining consistent staffing, and improving patient education and reassurance during procedures.",High,53.58,466,7.77,15.67,1.0,"466 patients affected (7.8% of total); 15.7% negative sentiment; average rating 1.00/5.0; key terms: الدكتور,  للغاية,  الطبيب,  العلاج,  كانت",Provide continuing medical education,2,0.29,"الدكتور, للغاية, الطبيب, العلاج, كانت, الانتظار, بشكل, الممارسة, الوقت, très"
2,Clinical Quality,"Main issues of the patients in this topic were concerns about trusting new doctors, unexpected costs, and variable quality of dental care, particularly regarding teeth cleanings and staff changes. Overall sentiment expressed was mixed, with some expressing satisfaction and others reporting dissatisfaction. Operational implications include addressing transparency in pricing and communication, maintaining consistent staffing, and improving patient education and reassurance during procedures.",High,53.58,466,7.77,15.67,1.0,"466 patients affected (7.8% of total); 15.7% negative sentiment; average rating 1.00/5.0; key terms: الدكتور,  للغاية,  الطبيب,  العلاج,  كانت",Establish treatment protocol reviews,3,0.29,"الدكتور, للغاية, الطبيب, العلاج, كانت, الانتظار, بشكل, الممارسة, الوقت, très"
18,Clinical Quality,"Main issues of the patients in this topic were long waiting times, lack of seating, poor air quality, and rough treatment.
Overall sentiment or operational implication: The patients expressed dissatisfaction with the service due to these recurring issues.",High,53.14,375,6.25,37.07,1.74,"375 patients affected (6.2% of total); 37.1% negative sentiment; average rating 1.74/5.0; key terms: très,  treatment,  traitement,  behandlung,  time",Implement clinical quality improvement program,1,0.43,"très, treatment, traitement, behandlung, time, temps, zeit, competent, good, wurde"
18,Clinical Quality,"Main issues of the patients in this topic were long waiting times, lack of seating, poor air quality, and rough treatment.
Overall sentiment or operational implication: The patients expressed dissatisfaction with the service due to these recurring issues.",High,53.14,375,6.25,37.07,1.74,"375 patients affected (6.2% of total); 37.1% negative sentiment; average rating 1.74/5.0; key terms: très,  treatment,  traitement,  behandlung,  time",Provide continuing medical education,2,0.43,"très, treatment, traitement, behandlung, time, temps, zeit, competent, good, wurde"
18,Clinical Quality,"Main issues of the patients in this topic were long waiting times, lack of seating, poor air quality, and rough treatment.
Overall sentiment or operational implication: The patients expressed dissatisfaction with the service due to these recurring issues.",High,53.14,375,6.25,37.07,1.74,"375 patients affected (6.2% of total); 37.1% negative sentiment; average rating 1.74/5.0; key terms: très,  treatment,  traitement,  behandlung,  time",Establish treatment protocol reviews,3,0.43,"très, treatment, traitement, behandlung, time, temps, zeit, competent, good, wurde"
14,Operational Efficiency,"Main issues of the patients in this topic were miscommunication, lack of thorough examination, and long wait times for appointments and procedures.
Overall sentiment or operational implication: These concerns impacted patients' trust and satisfaction with their healthcare experience.",High,51.1,317,5.28,32.81,1.31,"317 patients affected (5.3% of total); 32.8% negative sentiment; average rating 1.31/5.0; key terms: très,  operation,  time,  practice,  الدكتور",Implement appointment reminder system to reduce no-shows,1,0.29,"très, operation, time, practice, الدكتور, للغاية, treatment, good, also, well"
14,Operational Efficiency,"Main issues of the patients in this topic were miscommunication, lack of thorough examination, and long wait times for appointments and procedures.
Overall sentiment or operational implication: These concerns impacted patients' trust and satisfaction with their healthcare experience.",High,51.1,317,5.28,32.81,1.31,"317 patients affected (5.3% of total); 32.8% negative sentiment; average rating 1.31/5.0; key terms: très,  operation,  time,  practice,  الدكتور",Optimize scheduling algorithm to reduce wait times,2,0.29,"très, operation, time, practice, الدكتور, للغاية, treatment, good, also, well"
14,Operational Efficiency,"Main issues of the patients in this topic were miscommunication, lack of thorough examination, and long wait times for appointments and procedures.
Overall sentiment or operational implication: These concerns impacted patients' trust and satisfaction with their healthcare experience.",High,51.1,317,5.28,32.81,1.31,"317 patients affected (5.3% of total); 32.8% negative sentiment; average rating 1.31/5.0; key terms: très,  operation,  time,  practice,  الدكتور",Add real-time wait time notifications,3,0.29,"très, operation, time, practice, الدكتور, للغاية, treatment, good, also, well"
4,Clinical Quality,"Main issues of the patients in this topic were unfriendliness and lack of communication from some doctors, long wait times for appointments, and unexpected high costs for treatments. Overall, there were mixed sentiments regarding the competency of the medical care provided.",High,50.81,305,5.08,41.97,1.87,"305 patients affected (5.1% of total); 42.0% negative sentiment; average rating 1.87/5.0; key terms: très,  enfants,  toujours,  children,  للغاية",Implement clinical quality improvement program,1,0.43,"très, enfants, toujours, children, للغاية, practice, temps, friendly, bien, always"
4,Clinical Quality,"Main issues of the patients in this topic were unfriendliness and lack of communication from some doctors, long wait times for appointments, and unexpected high costs for treatments. Overall, there were mixed sentiments regarding the competency of the medical care provided.",High,50.81,305,5.08,41.97,1.87,"305 patients affected (5.1% of total); 42.0% negative sentiment; average rating 1.87/5.0; key terms: très,  enfants,  toujours,  children,  للغاية",Provide continuing medical education,2,0.43,"très, enfants, toujours, children, للغاية, practice, temps, friendly, bien, always"
4,Clinical Quality,"Main issues of the patients in this topic were unfriendliness and lack of communication from some doctors, long wait times for appointments, and unexpected high costs for treatments. Overall, there were mixed sentiments regarding the competency of the medical care provided.",High,50.81,305,5.08,41.97,1.87,"305 patients affected (5.1% of total); 42.0% negative sentiment; average rating 1.87/5.0; key terms: très,  enfants,  toujours,  children,  للغاية",Establish treatment protocol reviews,3,0.43,"très, enfants, toujours, children, للغاية, practice, temps, friendly, bien, always"
13,Clinical Quality,"Main issues of the patients in this topic were poor communication regarding treatments and procedures, lack of transparency in pricing, and varying levels of satisfaction with medical outcomes.
Overall, some patients expressed gratitude for effective diagnoses and successful treatments, while others reported feeling neglected or misdiagnosed. Additionally, certain individuals highlighted the importance of bedside manner and attentiveness from healthcare professionals.",Medium,49.68,299,4.98,33.44,1.44,"299 patients affected (5.0% of total); 33.4% negative sentiment; average rating 1.44/5.0; key terms: team,  très,  équipe,  للغاية,  super",Implement clinical quality improvement program,1,0.57,"team, très, équipe, للغاية, super, friendly, sympathique, فريق, practice, bien"
13,Clinical Quality,"Main issues of the patients in this topic were poor communication regarding treatments and procedures, lack of transparency in pricing, and varying levels of satisfaction with medical outcomes.
Overall, some patients expressed gratitude for effective diagnoses and successful treatments, while others reported feeling neglected or misdiagnosed. Additionally, certain individuals highlighted the importance of bedside manner and attentiveness from healthcare professionals.",Medium,49.68,299,4.98,33.44,1.44,"299 patients affected (5.0% of total); 33.4% negative sentiment; average rating 1.44/5.0; key terms: team,  très,  équipe,  للغاية,  super",Provide continuing medical education,2,0.57,"team, très, équipe, للغاية, super, friendly, sympathique, فريق, practice, bien"
13,Clinical Quality,"Main issues of the patients in this topic were poor communication regarding treatments and procedures, lack of transparency in pricing, and varying levels of satisfaction with medical outcomes.
Overall, some patients expressed gratitude for effective diagnoses and successful treatments, while others reported feeling neglected or misdiagnosed. Additionally, certain individuals highlighted the importance of bedside manner and attentiveness from healthcare professionals.",Medium,49.68,299,4.98,33.44,1.44,"299 patients affected (5.0% of total); 33.4% negative sentiment; average rating 1.44/5.0; key terms: team,  très,  équipe,  للغاية,  super",Establish treatment protocol reviews,3,0.57,"team, très, équipe, للغاية, super, friendly, sympathique, فريق, practice, bien"
8,Clinical Quality,"Main issues of the patients in this topic were expressing gratitude towards their respective doctors for providing effective diagnoses, successful surgeries, and excellent post-operative care. They highlighted the doctors' competence, friendliness, attentiveness, and ability to provide personalized attention. Overall, positive sentiments were expressed regarding the quality of medical care received.",Medium,47.42,399,6.65,8.52,0.99,"399 patients affected (6.7% of total); 8.5% negative sentiment; average rating 0.99/5.0; key terms: للغاية,  الدكتور,  دائم,  الطبيب,  أوصي",Implement clinical quality improvement program,1,0.43,"للغاية, الدكتور, دائم, الطبيب, أوصي, السيدة, الوقت, الممارسة, بشكل, أمينة"
8,Clinical Quality,"Main issues of the patients in this topic were expressing gratitude towards their respective doctors for providing effective diagnoses, successful surgeries, and excellent post-operative care. They highlighted the doctors' competence, friendliness, attentiveness, and ability to provide personalized attention. Overall, positive sentiments were expressed regarding the quality of medical care received.",Medium,47.42,399,6.65,8.52,0.99,"399 patients affected (6.7% of total); 8.5% negative sentiment; average rating 0.99/5.0; key terms: للغاية,  الدكتور,  دائم,  الطبيب,  أوصي",Provide continuing medical education,2,0.43,"للغاية, الدكتور, دائم, الطبيب, أوصي, السيدة, الوقت, الممارسة, بشكل, أمينة"
8,Clinical Quality,"Main issues of the patients in this topic were expressing gratitude towards their respective doctors for providing effective diagnoses, successful surgeries, and excellent post-operative care. They highlighted the doctors' competence, friendliness, attentiveness, and ability to provide personalized attention. Overall, positive sentiments were expressed regarding the quality of medical care received.",Medium,47.42,399,6.65,8.52,0.99,"399 patients affected (6.7% of total); 8.5% negative sentiment; average rating 0.99/5.0; key terms: للغاية,  الدكتور,  دائم,  الطبيب,  أوصي",Establish treatment protocol reviews,3,0.43,"للغاية, الدكتور, دائم, الطبيب, أوصي, السيدة, الوقت, الممارسة, بشكل, أمينة"
6,Staff Development,"Main issues of the patients in this topic were unfriendliness of some staff members, particularly those at reception, and perceived arrogance from certain doctors. Overall sentiment was mixed, with many expressing satisfaction with their care but others reporting negative experiences.",Medium,47.16,416,6.93,6.97,1.07,"416 patients affected (6.9% of total); 7.0% negative sentiment; average rating 1.07/5.0; key terms: très,  zeit,  freundlich,  immer,  patienten",Implement staff recognition program,1,0.43,"très, zeit, freundlich, immer, patienten, kompetent, competent, friendly, practice, time"
6,Staff Development,"Main issues of the patients in this topic were unfriendliness of some staff members, particularly those at reception, and perceived arrogance from certain doctors. Overall sentiment was mixed, with many expressing satisfaction with their care but others reporting negative experiences.",Medium,47.16,416,6.93,6.97,1.07,"416 patients affected (6.9% of total); 7.0% negative sentiment; average rating 1.07/5.0; key terms: très,  zeit,  freundlich,  immer,  patienten",Provide customer service training,2,0.43,"très, zeit, freundlich, immer, patienten, kompetent, competent, friendly, practice, time"
6,Staff Development,"Main issues of the patients in this topic were unfriendliness of some staff members, particularly those at reception, and perceived arrogance from certain doctors. Overall sentiment was mixed, with many expressing satisfaction with their care but others reporting negative experiences.",Medium,47.16,416,6.93,6.97,1.07,"416 patients affected (6.9% of total); 7.0% negative sentiment; average rating 1.07/5.0; key terms: très,  zeit,  freundlich,  immer,  patienten",Establish patient feedback loop to staff,3,0.43,"très, zeit, freundlich, immer, patienten, kompetent, competent, friendly, practice, time"
1,Operational Efficiency,"Main issues of the patients in this topic were long waiting times, perceived lack of attention from staff, and uncertainty regarding the competence of some doctors. Overall, patients expressed mixed feelings towards their experiences, with some expressing satisfaction and others considering changing doctors.",Medium,45.26,276,4.6,22.1,1.23,"276 patients affected (4.6% of total); 22.1% negative sentiment; average rating 1.23/5.0; key terms: time,  practice,  always,  good,  friendly",Implement appointment reminder system to reduce no-shows,1,0.29,"time, practice, always, good, friendly, treatment, also, waiting, takes, patients"
1,Operational Efficiency,"Main issues of the patients in this topic were long waiting times, perceived lack of attention from staff, and uncertainty regarding the competence of some doctors. Overall, patients expressed mixed feelings towards their experiences, with some expressing satisfaction and others considering changing doctors.",Medium,45.26,276,4.6,22.1,1.23,"276 patients affected (4.6% of total); 22.1% negative sentiment; average rating 1.23/5.0; key terms: time,  practice,  always,  good,  friendly",Optimize scheduling algorithm to reduce wait times,2,0.29,"time, practice, always, good, friendly, treatment, also, waiting, takes, patients"
1,Operational Efficiency,"Main issues of the patients in this topic were long waiting times, perceived lack of attention from staff, and uncertainty regarding the competence of some doctors. Overall, patients expressed mixed feelings towards their experiences, with some expressing satisfaction and others considering changing doctors.",Medium,45.26,276,4.6,22.1,1.23,"276 patients affected (4.6% of total); 22.1% negative sentiment; average rating 1.23/5.0; key terms: time,  practice,  always,  good,  friendly",Add real-time wait time notifications,3,0.29,"time, practice, always, good, friendly, treatment, also, waiting, takes, patients"
10,Operational Efficiency,"Main issues of the patients in this topic were long waiting times, perceived indifference, and lack of communication from some doctors. Overall, patients expressed satisfaction with those who were friendly, competent, and attentive, but frustration towards those who appeared unapproachable or dismissive.",Medium,44.73,352,5.87,7.95,1.01,"352 patients affected (5.9% of total); 8.0% negative sentiment; average rating 1.01/5.0; key terms: très,  temps,  prend,  time,  zeit",Implement appointment reminder system to reduce no-shows,1,0.29,"très, temps, prend, time, zeit, questions, bien, waiting, toujours, nimmt"
10,Operational Efficiency,"Main issues of the patients in this topic were long waiting times, perceived indifference, and lack of communication from some doctors. Overall, patients expressed satisfaction with those who were friendly, competent, and attentive, but frustration towards those who appeared unapproachable or dismissive.",Medium,44.73,352,5.87,7.95,1.01,"352 patients affected (5.9% of total); 8.0% negative sentiment; average rating 1.01/5.0; key terms: très,  temps,  prend,  time,  zeit",Optimize scheduling algorithm to reduce wait times,2,0.29,"très, temps, prend, time, zeit, questions, bien, waiting, toujours, nimmt"
10,Operational Efficiency,"Main issues of the patients in this topic were long waiting times, perceived indifference, and lack of communication from some doctors. Overall, patients expressed satisfaction with those who were friendly, competent, and attentive, but frustration towards those who appeared unapproachable or dismissive.",Medium,44.73,352,5.87,7.95,1.01,"352 patients affected (5.9% of total); 8.0% negative sentiment; average rating 1.01/5.0; key terms: très,  temps,  prend,  time,  zeit",Add real-time wait time notifications,3,0.29,"très, temps, prend, time, zeit, questions, bien, waiting, toujours, nimmt"
5,Operational Efficiency,"Main issues of the patients in this topic were long waiting times and perceived lack of empathy from doctors.
Despite generally positive experiences with their care, many parents expressed frustration over extended waits and felt that their concerns were not fully addressed by some practitioners.",Medium,44.02,291,4.85,20.27,1.44,"291 patients affected (4.8% of total); 20.3% negative sentiment; average rating 1.44/5.0; key terms: wurde,  behandlung,  zeit,  immer,  jahren",Implement appointment reminder system to reduce no-shows,1,0.29,"wurde, behandlung, zeit, immer, jahren, schon, patienten, freundlich, seit, mehr"
5,Operational Efficiency,"Main issues of the patients in this topic were long waiting times and perceived lack of empathy from doctors.
Despite generally positive experiences with their care, many parents expressed frustration over extended waits and felt that their concerns were not fully addressed by some practitioners.",Medium,44.02,291,4.85,20.27,1.44,"291 patients affected (4.8% of total); 20.3% negative sentiment; average rating 1.44/5.0; key terms: wurde,  behandlung,  zeit,  immer,  jahren",Optimize scheduling algorithm to reduce wait times,2,0.29,"wurde, behandlung, zeit, immer, jahren, schon, patienten, freundlich, seit, mehr"
5,Operational Efficiency,"Main issues of the patients in this topic were long waiting times and perceived lack of empathy from doctors.
Despite generally positive experiences with their care, many parents expressed frustration over extended waits and felt that their concerns were not fully addressed by some practitioners.",Medium,44.02,291,4.85,20.27,1.44,"291 patients affected (4.8% of total); 20.3% negative sentiment; average rating 1.44/5.0; key terms: wurde,  behandlung,  zeit,  immer,  jahren",Add real-time wait time notifications,3,0.29,"wurde, behandlung, zeit, immer, jahren, schon, patienten, freundlich, seit, mehr"
9,Clinical Quality,"Main issues of the patients in this topic were concerns about insufficient examination time, lack of personalized attention, and perceived old-fashioned methods. Overall, there was a mix of satisfaction and dissatisfaction with the doctors' competency and communication skills. Some patients expressed disappointment with the length of treatments and their outcomes. Others praised the doctors for their thoroughness, friendliness, and alternative approach to treatment.",Medium,42.73,316,5.27,7.59,1.02,"316 patients affected (5.3% of total); 7.6% negative sentiment; average rating 1.02/5.0; key terms: behandlung,  patienten,  très,  zeit,  immer",Implement clinical quality improvement program,1,0.29,"behandlung, patienten, très, zeit, immer, patients, tout, wurde, temps, être"
9,Clinical Quality,"Main issues of the patients in this topic were concerns about insufficient examination time, lack of personalized attention, and perceived old-fashioned methods. Overall, there was a mix of satisfaction and dissatisfaction with the doctors' competency and communication skills. Some patients expressed disappointment with the length of treatments and their outcomes. Others praised the doctors for their thoroughness, friendliness, and alternative approach to treatment.",Medium,42.73,316,5.27,7.59,1.02,"316 patients affected (5.3% of total); 7.6% negative sentiment; average rating 1.02/5.0; key terms: behandlung,  patienten,  très,  zeit,  immer",Provide continuing medical education,2,0.29,"behandlung, patienten, très, zeit, immer, patients, tout, wurde, temps, être"
9,Clinical Quality,"Main issues of the patients in this topic were concerns about insufficient examination time, lack of personalized attention, and perceived old-fashioned methods. Overall, there was a mix of satisfaction and dissatisfaction with the doctors' competency and communication skills. Some patients expressed disappointment with the length of treatments and their outcomes. Others praised the doctors for their thoroughness, friendliness, and alternative approach to treatment.",Medium,42.73,316,5.27,7.59,1.02,"316 patients affected (5.3% of total); 7.6% negative sentiment; average rating 1.02/5.0; key terms: behandlung,  patienten,  très,  zeit,  immer",Establish treatment protocol reviews,3,0.29,"behandlung, patienten, très, zeit, immer, patients, tout, wurde, temps, être"
19,Staff Development,"Main issues of the patients in this topic were long waiting times for appointments and consultations, lack of empathy from some doctors, and insufficient communication skills. Overall, there was a mixed sentiment towards the quality of care provided, with some expressing satisfaction while others reported negative experiences. Operational implications include addressing wait times through improved scheduling and staffing, enhancing interpersonal skills training for medical personnel, and implementing effective communication strategies between patients and providers.",Medium,41.51,263,4.38,14.83,1.26,263 patients affected (4.4% of total); 14.8% negative sentiment; average rating 1.26/5.0,Implement staff recognition program,1,0.43,
19,Staff Development,"Main issues of the patients in this topic were long waiting times for appointments and consultations, lack of empathy from some doctors, and insufficient communication skills. Overall, there was a mixed sentiment towards the quality of care provided, with some expressing satisfaction while others reported negative experiences. Operational implications include addressing wait times through improved scheduling and staffing, enhancing interpersonal skills training for medical personnel, and implementing effective communication strategies between patients and providers.",Medium,41.51,263,4.38,14.83,1.26,263 patients affected (4.4% of total); 14.8% negative sentiment; average rating 1.26/5.0,Provide customer service training,2,0.43,
19,Staff Development,"Main issues of the patients in this topic were long waiting times for appointments and consultations, lack of empathy from some doctors, and insufficient communication skills. Overall, there was a mixed sentiment towards the quality of care provided, with some expressing satisfaction while others reported negative experiences. Operational implications include addressing wait times through improved scheduling and staffing, enhancing interpersonal skills training for medical personnel, and implementing effective communication strategies between patients and providers.",Medium,41.51,263,4.38,14.83,1.26,263 patients affected (4.4% of total); 14.8% negative sentiment; average rating 1.26/5.0,Establish patient feedback loop to staff,3,0.43,
16,Operational Efficiency,"Main issues of the patients in this topic were long waiting times, rude receptionists, and lack of communication between staff members.
Despite generally positive experiences with competent and caring doctors and nurses, patients expressed frustration with administrative inefficiencies and poor organization.",Medium,39.9,205,3.42,17.56,1.23,"205 patients affected (3.4% of total); 17.6% negative sentiment; average rating 1.23/5.0; key terms: très,  cabinet,  temps,  attente,  toujours",Implement appointment reminder system to reduce no-shows,1,0.43,"très, cabinet, temps, attente, toujours, plus, patients, time, bien, sympathique"
16,Operational Efficiency,"Main issues of the patients in this topic were long waiting times, rude receptionists, and lack of communication between staff members.
Despite generally positive experiences with competent and caring doctors and nurses, patients expressed frustration with administrative inefficiencies and poor organization.",Medium,39.9,205,3.42,17.56,1.23,"205 patients affected (3.4% of total); 17.6% negative sentiment; average rating 1.23/5.0; key terms: très,  cabinet,  temps,  attente,  toujours",Optimize scheduling algorithm to reduce wait times,2,0.43,"très, cabinet, temps, attente, toujours, plus, patients, time, bien, sympathique"
16,Operational Efficiency,"Main issues of the patients in this topic were long waiting times, rude receptionists, and lack of communication between staff members.
Despite generally positive experiences with competent and caring doctors and nurses, patients expressed frustration with administrative inefficiencies and poor organization.",Medium,39.9,205,3.42,17.56,1.23,"205 patients affected (3.4% of total); 17.6% negative sentiment; average rating 1.23/5.0; key terms: très,  cabinet,  temps,  attente,  toujours",Add real-time wait time notifications,3,0.43,"très, cabinet, temps, attente, toujours, plus, patients, time, bien, sympathique"
3,Staff Development,"Main issues of the patients in this topic were friendliness and professionalism of the medical staff, as well as long wait times for appointments. Overall sentiment expressed was mixed, with some patients praising the care and attention received while others found the environment cold and impersonal. Operational implication suggests addressing wait times to improve patient satisfaction.",Medium,39.74,287,4.78,2.44,0.93,"287 patients affected (4.8% of total); 2.4% negative sentiment; average rating 0.93/5.0; key terms: très,  good,  sympathique,  للغاية,  friendly",Implement staff recognition program,1,0.57,"très, good, sympathique, للغاية, friendly, freundlich, kompetent, competent, super, toujours"
3,Staff Development,"Main issues of the patients in this topic were friendliness and professionalism of the medical staff, as well as long wait times for appointments. Overall sentiment expressed was mixed, with some patients praising the care and attention received while others found the environment cold and impersonal. Operational implication suggests addressing wait times to improve patient satisfaction.",Medium,39.74,287,4.78,2.44,0.93,"287 patients affected (4.8% of total); 2.4% negative sentiment; average rating 0.93/5.0; key terms: très,  good,  sympathique,  للغاية,  friendly",Provide customer service training,2,0.57,"très, good, sympathique, للغاية, friendly, freundlich, kompetent, competent, super, toujours"
3,Staff Development,"Main issues of the patients in this topic were friendliness and professionalism of the medical staff, as well as long wait times for appointments. Overall sentiment expressed was mixed, with some patients praising the care and attention received while others found the environment cold and impersonal. Operational implication suggests addressing wait times to improve patient satisfaction.",Medium,39.74,287,4.78,2.44,0.93,"287 patients affected (4.8% of total); 2.4% negative sentiment; average rating 0.93/5.0; key terms: très,  good,  sympathique,  للغاية,  friendly",Establish patient feedback loop to staff,3,0.57,"très, good, sympathique, للغاية, friendly, freundlich, kompetent, competent, super, toujours"
7,Clinical Quality,"Main issues of the patients in this topic were unclear and lengthy responses from medical personnel, as well as perceived lack of interest or understanding towards their questions. Overall, patients expressed satisfaction with competency and friendliness of healthcare providers but frustration with long wait times and perceived indifference to their concerns.",Medium,39.14,135,2.25,26.67,1.38,"135 patients affected (2.2% of total); 26.7% negative sentiment; average rating 1.38/5.0; key terms: très,  practice,  team,  friendly,  treatment",Implement clinical quality improvement program,1,0.43,"très, practice, team, friendly, treatment, well, good, competent, patients, always"
7,Clinical Quality,"Main issues of the patients in this topic were unclear and lengthy responses from medical personnel, as well as perceived lack of interest or understanding towards their questions. Overall, patients expressed satisfaction with competency and friendliness of healthcare providers but frustration with long wait times and perceived indifference to their concerns.",Medium,39.14,135,2.25,26.67,1.38,"135 patients affected (2.2% of total); 26.7% negative sentiment; average rating 1.38/5.0; key terms: très,  practice,  team,  friendly,  treatment",Provide continuing medical education,2,0.43,"très, practice, team, friendly, treatment, well, good, competent, patients, always"
7,Clinical Quality,"Main issues of the patients in this topic were unclear and lengthy responses from medical personnel, as well as perceived lack of interest or understanding towards their questions. Overall, patients expressed satisfaction with competency and friendliness of healthcare providers but frustration with long wait times and perceived indifference to their concerns.",Medium,39.14,135,2.25,26.67,1.38,"135 patients affected (2.2% of total); 26.7% negative sentiment; average rating 1.38/5.0; key terms: très,  practice,  team,  friendly,  treatment",Establish treatment protocol reviews,3,0.43,"très, practice, team, friendly, treatment, well, good, competent, patients, always"
15,Operational Efficiency,"Main issues of the patients in this topic were long waiting times, lack of communication, and insufficient attention to concerns and questions. Overall, patients expressed dissatisfaction with the level of care and professionalism they received.",Medium,38.07,133,2.22,27.07,1.57,"133 patients affected (2.2% of total); 27.1% negative sentiment; average rating 1.57/5.0; key terms: zeit,  immer,  wurde,  behandlung,  freundlich",Implement appointment reminder system to reduce no-shows,1,0.29,"zeit, immer, wurde, behandlung, freundlich, team, empfehlen, patienten, nimmt, schon"
15,Operational Efficiency,"Main issues of the patients in this topic were long waiting times, lack of communication, and insufficient attention to concerns and questions. Overall, patients expressed dissatisfaction with the level of care and professionalism they received.",Medium,38.07,133,2.22,27.07,1.57,"133 patients affected (2.2% of total); 27.1% negative sentiment; average rating 1.57/5.0; key terms: zeit,  immer,  wurde,  behandlung,  freundlich",Optimize scheduling algorithm to reduce wait times,2,0.29,"zeit, immer, wurde, behandlung, freundlich, team, empfehlen, patienten, nimmt, schon"
15,Operational Efficiency,"Main issues of the patients in this topic were long waiting times, lack of communication, and insufficient attention to concerns and questions. Overall, patients expressed dissatisfaction with the level of care and professionalism they received.",Medium,38.07,133,2.22,27.07,1.57,"133 patients affected (2.2% of total); 27.1% negative sentiment; average rating 1.57/5.0; key terms: zeit,  immer,  wurde,  behandlung,  freundlich",Add real-time wait time notifications,3,0.29,"zeit, immer, wurde, behandlung, freundlich, team, empfehlen, patienten, nimmt, schon"
12,Clinical Quality,"Main issues of the patients in this topic were expressing dissatisfaction with the level of communication from healthcare providers, receiving incorrect advice, long waiting times, and feeling disrespected. Overall, there was a need for more personalized attention, clearer explanations, and efficient problem solving to improve patient satisfaction.",Medium,36.72,211,3.52,5.69,1.02,"211 patients affected (3.5% of total); 5.7% negative sentiment; average rating 1.02/5.0; key terms: très,  الدكتور,  pain,  operation,  opération",Implement clinical quality improvement program,1,0.43,"très, الدكتور, pain, operation, opération, après, douleur, traitement, plus, treatment"
12,Clinical Quality,"Main issues of the patients in this topic were expressing dissatisfaction with the level of communication from healthcare providers, receiving incorrect advice, long waiting times, and feeling disrespected. Overall, there was a need for more personalized attention, clearer explanations, and efficient problem solving to improve patient satisfaction.",Medium,36.72,211,3.52,5.69,1.02,"211 patients affected (3.5% of total); 5.7% negative sentiment; average rating 1.02/5.0; key terms: très,  الدكتور,  pain,  operation,  opération",Provide continuing medical education,2,0.43,"très, الدكتور, pain, operation, opération, après, douleur, traitement, plus, treatment"
12,Clinical Quality,"Main issues of the patients in this topic were expressing dissatisfaction with the level of communication from healthcare providers, receiving incorrect advice, long waiting times, and feeling disrespected. Overall, there was a need for more personalized attention, clearer explanations, and efficient problem solving to improve patient satisfaction.",Medium,36.72,211,3.52,5.69,1.02,"211 patients affected (3.5% of total); 5.7% negative sentiment; average rating 1.02/5.0; key terms: très,  الدكتور,  pain,  operation,  opération",Establish treatment protocol reviews,3,0.43,"très, الدكتور, pain, operation, opération, après, douleur, traitement, plus, treatment"
11,General Improvement,Main issues of the patients in this topic were the perceived lack of effectiveness from certain doctors within the team. Overall sentiment expressed gratitude towards the friendliness and competency of the team as a whole.,Medium,34.01,168,2.8,2.38,0.89,"168 patients affected (2.8% of total); 2.4% negative sentiment; average rating 0.89/5.0; key terms: très,  pregnancy,  practice,  always,  grossesse",Conduct detailed root cause analysis,1,0.0,"très, pregnancy, practice, always, grossesse, temps, good, الدكتور, للغاية, also"
11,General Improvement,Main issues of the patients in this topic were the perceived lack of effectiveness from certain doctors within the team. Overall sentiment expressed gratitude towards the friendliness and competency of the team as a whole.,Medium,34.01,168,2.8,2.38,0.89,"168 patients affected (2.8% of total); 2.4% negative sentiment; average rating 0.89/5.0; key terms: très,  pregnancy,  practice,  always,  grossesse",Implement patient feedback monitoring,2,0.0,"très, pregnancy, practice, always, grossesse, temps, good, الدكتور, للغاية, also"
11,General Improvement,Main issues of the patients in this topic were the perceived lack of effectiveness from certain doctors within the team. Overall sentiment expressed gratitude towards the friendliness and competency of the team as a whole.,Medium,34.01,168,2.8,2.38,0.89,"168 patients affected (2.8% of total); 2.4% negative sentiment; average rating 0.89/5.0; key terms: très,  pregnancy,  practice,  always,  grossesse",Establish corrective action plan,3,0.0,"très, pregnancy, practice, always, grossesse, temps, good, الدكتور, للغاية, also"
